"last_name, first_name","player_id","year","pa","k_percent","bb_percent","batting_avg","on_base_percent","p_era","p_total_stolen_base","p_total_pickoff","p_total_pickoff_attempt","p_total_pickoff_error","xba","woba","xwoba","xobp"
"Wainwright, Adam","425794","2023","484",11.4,8.5,".345",".400","7.40","4","0","12","0",".326",".414",".402",".383"
"Greinke, Zack","425844","2023","593",16.4,3.9,".282",".312","5.06","2","5","41","0",".290",".332",".344",".322"
"Verlander, Justin","434378","2023","669",21.5,6.7,".226",".283","3.22","11","0","37","0",".229",".284",".295",".287"
"Jansen, Kenley","445276","2023","188",27.7,9,".237",".314","3.63","13","0","7","0",".203",".303",".276",".284"
"Chavez, Jesse","445926","2023","144",27.1,8.3,".203",".285","1.56","3","0","10","0",".233",".263",".293",".312"
"Kluber, Corey","446372","2023","257",16.3,8.2,".297",".366","7.04","3","0","8","0",".273",".407",".377",".344"
"Hill, Rich","448179","2023","660",19.5,8.8,".281",".351","5.41","25","1","49","0",".280",".359",".360",".352"
"Morton, Charlie","450203","2023","716",25.6,11.6,".244",".344","3.64","16","2","45","0",".248",".318",".330",".348"
"Bard, Daniel","453268","2023","232",20.3,21.1,".206",".397","4.56","2","0","13","1",".226",".345",".372",".417"
"Scherzer, Max","453286","2023","621",28,7.2,".221",".282","3.77","9","0","22","0",".207",".298",".281",".269"
"Martin, Chris","455119","2023","199",23.1,4,".237",".266","1.05","4","0","4","1",".265",".243",".277",".297"
"Cueto, Johnny","456501","2023","218",17.9,6.9,".256",".317","6.02","0","1","5","0",".254",".362",".345",".316"
"Lynn, Lance","458681","2023","808",23.6,8.3,".259",".328","5.73","7","0","24","0",".252",".347",".337",".322"
"Carrasco, Carlos","471911","2023","417",15.8,9.1,".310",".381","6.80","12","3","52","0",".306",".390",".388",".380"
"García, Luis","472610","2023","267",19.9,9,".252",".336","4.07","12","1","8","1",".255",".313",".311",".339"
"Kershaw, Clayton","477132","2023","523",26.2,7.6,".209",".273","2.46","6","1","49","0",".232",".280",".299",".295"
"Hunter, Tommy","488984","2023","106",18.9,4.7,".286",".330","6.85","1","0","2","0",".254",".367",".345",".301"
"Miley, Wade","489119","2023","490",16.1,7.8,".223",".287","3.14","2","4","28","0",".254",".293",".320",".316"
"Yates, Kirby","489446","2023","254",31.5,14.6,".167",".304","3.28","11","1","16","0",".205",".282",".326",".338"
"Ottavino, Adam","493603","2023","261",23.8,11.1,".208",".320","3.21","22","0","24","1",".211",".294",".291",".323"
"Quintana, José","500779","2023","319",18.8,7.5,".260",".314","3.57","5","0","25","0",".275",".297",".328",".330"
"Gibson, Kyle","502043","2023","807",19.5,6.8,".270",".322","4.73","7","1","51","0",".270",".326",".335",".325"
"Robertson, David","502085","2023","269",29,9.3,".221",".302","3.03","9","0","13","0",".206",".289",".280",".289"
"Cobb, Alex","502171","2023","646",20.3,5.7,".272",".319","3.87","13","2","60","1",".278",".325",".333",".326"
"Anderson, Chase","502624","2023","372",17.2,8.9,".274",".350","5.42","4","0","19","0",".258",".355",".340",".339"
"Darvish, Yu","506433","2023","573",24.6,7.3,".259",".321","4.56","17","0","35","0",".242",".321",".302",".308"
"Alexander, Scott","518397","2023","208",14.9,5.3,".282",".324","4.66","7","0","9","0",".267",".299",".294",".310"
"Brasier, Ryan","518489","2023","239",23.4,8.4,".197",".272","3.02","8","0","10","0",".231",".248",".292",".308"
"Cruz, Fernando","518585","2023","279",35.1,10,".211",".295","4.91","6","0","15","0",".204",".290",".288",".289"
"Diekman, Jake","518617","2023","243",26.3,15.6,".183",".314","3.34","8","0","3","0",".199",".271",".284",".329"
"Kelly, Merrill","518876","2023","721",25.9,9.4,".222",".299","3.29","13","3","65","1",".244",".294",".313",".320"
"Kimbrel, Craig","518886","2023","278",33.8,10.1,".181",".273","3.26","12","0","6","1",".192",".269",".281",".288"
"Moore, Matt","519043","2023","218",27.5,6.9,".232",".295","2.56","5","0","16","0",".214",".296",".282",".281"
"Pressly, Ryan","519151","2023","268",27.6,6,".220",".265","3.58","1","0","1","0",".239",".269",".294",".283"
"Sale, Chris","519242","2023","425",29.4,6.8,".227",".292","4.30","8","0","8","0",".211",".306",".294",".282"
"Smith, Will","519293","2023","226",24.3,7.5,".211",".270","4.40","7","2","10","0",".230",".262",".284",".288"
"Kelly, Joe","523260","2023","168",35.7,10.7,".196",".292","4.12","3","0","2","0",".185",".279",".264",".282"
"Pérez, Martín","527048","2023","608",15.3,8.1,".274",".336","4.45","3","0","18","0",".272",".335",".338",".334"
"Teheran, Julio","527054","2023","288",17.4,4.5,".254",".296","4.40","9","3","33","0",".271",".324",".339",".316"
"Ramírez, Erasmo","541640","2023","274",15.7,4.7,".328",".361","6.41","1","0","10","0",".292",".372",".351",".332"
"Cisnero, José","542585","2023","267",26.2,9.4,".270",".351","5.31","4","0","6","0",".250",".344",".330",".335"
"Anderson, Tyler","542881","2023","629",18.9,10.2,".266",".346","5.43","7","0","63","0",".259",".345",".340",".343"
"Armstrong, Shawn","542888","2023","207",26.1,5.3,".188",".246","1.38","1","0","1","0",".207",".233",".253",".264"
"Bleier, Richard","542947","2023","132",12.1,3.8,".306",".346","5.28","1","0","10","0",".274",".352",".332",".322"
"Cole, Gerrit","543037","2023","821",27,5.8,".206",".259","2.63","7","1","29","0",".233",".256",".289",".284"
"Coulombe, Danny","543056","2023","210",27.6,5.7,".231",".282","2.81","11","0","11","0",".220",".269",".273",".272"
"DeSclafani, Anthony","543101","2023","419",18.9,4.8,".271",".311","4.88","8","1","13","0",".286",".328",".347",".326"
"Eovaldi, Nathan","543135","2023","577",22.9,8.1,".225",".295","3.63","8","1","24","0",".238",".296",".308",".307"
"Gray, Sonny","543243","2023","754",24.3,7.3,".226",".288","2.79","8","3","47","0",".244",".270",".296",".306"
"Hand, Brad","543272","2023","236",25,9.3,".270",".351","5.53","13","1","10","0",".257",".344",".329",".345"
"Hendricks, Kyle","543294","2023","578",16.1,4.7,".255",".293","3.74","23","0","55","0",".269",".296",".313",".308"
"Jackson, Jay","543351","2023","116",23.3,7.8,".171",".243","2.12","0","0","4","0",".219",".239",".286",".287"
"Lyles, Jordan","543475","2023","748",16,6,".255",".305","6.28","9","1","31","0",".265",".340",".339",".314"
"May, Trevor","543507","2023","205",19.5,14.1,".208",".332","3.28","6","1","14","0",".245",".290",".328",".364"
"McGough, Scott","543518","2023","301",28.6,10,".226",".306","4.73","1","0","10","0",".238",".318",".317",".319"
"McHugh, Collin","543521","2023","268",17.5,8.2,".293",".362","4.30","3","0","8","0",".291",".335",".348",".360"
"Shaw, Bryan","543766","2023","190",21.1,8.9,".235",".326","4.14","2","0","4","1",".233",".299",".304",".325"
"Tonkin, Michael","543859","2023","325",23.1,7.1,".217",".276","4.28","7","0","14","0",".240",".283",".305",".298"
"Lorenzen, Michael","547179","2023","624",17.8,7.5,".243",".302","4.18","2","1","19","1",".258",".304",".326",".316"
"Ryu, Hyun Jin","547943","2023","224",17,6.3,".257",".306","3.46","3","0","8","0",".250",".323",".303",".304"
"Chapman, Aroldis","547973","2023","249",41.4,14.5,".175",".297","3.09","15","1","21","0",".171",".258",".261",".294"
"Raley, Brooks","548384","2023","236",25.8,10.6,".217",".319","2.80","5","0","17","0",".212",".289",".284",".315"
"Stripling, Ross","548389","2023","381",18.4,4.2,".287",".320","5.36","6","0","9","0",".291",".348",".358",".327"
"García, Yimi","554340","2023","282",28,5.3,".261",".315","4.09","6","0","9","0",".236",".312",".289",".294"
"Wheeler, Zack","554430","2023","787",26.9,5,".229",".274","3.61","3","0","43","0",".229",".277",".277",".277"
"Ureña, José","570632","2023","203",14.3,10.8,".284",".361","6.45","5","0","11","0",".269",".398",".363",".350"
"Cessa, Luis","570666","2023","132",8.3,9.1,".397",".450","9.00","0","0","9","0",".380",".446",".437",".444"
"Bellatti, Andrew","571479","2023","113",22.1,10.6,".250",".327","5.11","3","0","3","0",".267",".331",".338",".344"
"Boyd, Matthew","571510","2023","303",24.1,8.3,".250",".317","5.45","2","2","21","0",".244",".322",".317",".311"
"Carasiti, Matt","571539","2023","110",14.5,10,".292",".364","6.29","1","0","6","0",".272",".345",".350",".355"
"Corbin, Patrick","571578","2023","790",15.7,7.2,".293",".344","5.20","28","7","67","0",".303",".353",".373",".356"
"Farmer, Buck","571656","2023","309",22.7,9.4,".214",".296","4.20","12","0","21","0",".221",".303",".311",".305"
"Floro, Dylan","571670","2023","248",23.4,6.9,".308",".363","4.76","7","0","19","0",".254",".335",".284",".314"
"Heaney, Andrew","571760","2023","641",23.6,9.4,".251",".332","4.15","11","0","13","0",".240",".335",".327",".323"
"Koch, Matt","571863","2023","163",16.6,5.5,".272",".319","5.12","1","0","4","0",".261",".331",".327",".312"
"Law, Derek","571882","2023","240",18.8,10.8,".239",".332","3.60","5","0","19","0",".265",".311",".334",".356"
"Loup, Aaron","571901","2023","231",19.5,8.7,".313",".377","6.10","4","0","5","0",".263",".358",".322",".332"
"Matz, Steven","571927","2023","449",21.8,7.1,".263",".320","3.86","13","0","10","1",".252",".316",".304",".311"
"Mikolas, Miles","571945","2023","860",15.9,4.5,".282",".319","4.78","12","1","31","0",".291",".330",".354",".329"
"Miller, Shelby","571946","2023","163",25.8,11.7,".135",".247","1.71","8","0","7","0",".188",".222",".280",".293"
"Milner, Hoby","571948","2023","252",23.4,5.2,".209",".254","1.82","0","0","11","0",".217",".251",".267",".264"
"Paxton, James","572020","2023","411",24.6,8,".250",".313","4.50","4","0","2","0",".229",".328",".300",".296"
"VerHagen, Drew","572403","2023","268",22.4,9.7,".226",".325","3.98","9","0","5","0",".223",".314",".309",".323"
"Johnson, Pierce","572955","2023","277",32.5,10.8,".257",".337","4.02","0","0","7","0",".235",".335",".305",".317"
"Keuchel, Dallas","572971","2023","172",14.5,10.5,".298",".378","5.97","4","0","2","0",".291",".363",".358",".372"
"Mantiply, Joe","573009","2023","157",17.8,5.7,".236",".280","4.62","3","0","11","0",".249",".292",".307",".292"
"Rogers, Taylor","573124","2023","216",29.6,11.6,".211",".312","3.83","6","1","12","0",".211",".292",".294",".312"
"Stroman, Marcus","573186","2023","575",20.7,9,".231",".304","3.95","17","1","38","0",".265",".285",".318",".335"
"Thielbar, Caleb","573204","2023","120",30,5,".204",".244","3.23","2","0","4","0",".222",".293",".292",".261"
"Kikuchi, Yusei","579328","2023","700",25.9,6.9,".255",".311","3.86","14","0","52","1",".249",".319",".319",".305"
"Adam, Jason","592094","2023","222",31.1,9,".181",".288","2.98","10","0","1","0",".217",".283",".320",".319"
"Covey, Dylan","592229","2023","191",15.7,8.9,".282",".351","3.77","1","1","7","0",".288",".332",".340",".360"
"Gausman, Kevin","592332","2023","763",31.1,7.2,".233",".291","3.16","21","3","66","0",".235",".292",".303",".294"
"Gray, Jon","592351","2023","656",21.6,8.2,".256",".325","4.12","12","2","29","0",".260",".317",".325",".330"
"Jackson, Luke","592426","2023","143",30.1,10.5,".206",".294","2.97","7","0","14","0",".204",".276",".282",".295"
"Kahnle, Tommy","592454","2023","165",29.1,11.5,".183",".280","2.66","0","0","4","0",".184",".272",".263",".282"
"Shreve, Chasen","592741","2023","193",23.3,7.3,".266",".318","4.63","1","0","2","0",".247",".325",".314",".305"
"Smyly, Drew","592767","2023","626",22.5,8.9,".265",".335","5.00","15","4","25","1",".241",".348",".313",".315"
"Stanek, Ryne","592773","2023","213",23.9,9.9,".221",".300","4.09","2","0","5","0",".222",".300",".310",".304"
"Stewart, Brock","592779","2023","109",35.8,10.1,".196",".284","0.65","1","1","9","0",".187",".242",".242",".277"
"Syndergaard, Noah","592789","2023","391",14.3,4.9,".291",".340","6.50","34","0","31","0",".302",".371",".381",".353"
"Taillon, Jameson","592791","2023","655",21.4,6.3,".258",".308","4.84","13","0","49","0",".259",".322",".332",".311"
"Velasquez, Vince","592826","2023","162",22.8,8.6,".240",".311","3.86","5","0","10","0",".249",".305",".313",".319"
"Walker, Taijuan","592836","2023","733",18.8,9.7,".238",".320","4.38","12","6","112","0",".248",".313",".322",".329"
"Williams, Trevor","592866","2023","658",16.9,7.9,".300",".358","5.55","9","0","74","0",".281",".377",".360",".342"
"Germán, Domingo","593334","2023","444",25.7,7.7,".207",".277","4.56","12","1","32","0",".238",".297",".319",".308"
"Neris, Hector","593576","2023","273",28.2,11.4,".174",".277","1.71","9","0","14","0",".196",".259",".283",".297"
"Rodriguez, Eduardo","593958","2023","621",23,7.7,".227",".289","3.30","10","0","5","0",".247",".284",".310",".311"
"Peralta, Wandy","593974","2023","227",22.5,13.2,".190",".319","2.83","1","3","30","0",".240",".293",".332",".360"
"Mayers, Mike","594577","2023","119",14.3,8.4,".315",".370","6.15","0","0","5","0",".284",".369",".331",".341"
"Moll, Sam","594580","2023","268",25.4,11.2,".206",".315","3.03","12","1","26","0",".201",".265",".262",".311"
"deGrom, Jacob","594798","2023","115",39.1,3.5,".171",".200","2.67","5","0","4","0",".167",".223",".212",".196"
"Gonzales, Marco","594835","2023","215",15.8,8.4,".282",".340","5.22","1","0","5","0",".288",".334",".349",".352"
"Lively, Ben","594902","2023","383",20.6,6.5,".270",".324","5.38","7","0","29","0",".269",".348",".342",".323"
"Neal, Zach","594943","2023","124",20.2,11.3,".280",".374","6.67","0","0","2","0",".299",".403",".404",".390"
"Okert, Steven","595345","2023","247",29.6,9.7,".229",".310","4.45","9","0","10","0",".218",".319",".304",".301"
"Junis, Jakob","596001","2023","367",26.2,5.7,".269",".318","3.87","5","0","28","0",".241",".328",".298",".293"
"Stephenson, Robert","596112","2023","201",38.3,8,".165",".230","3.10","1","0","9","0",".179",".243",".257",".246"
"Weaver, Luke","596133","2023","563",19.4,7.1,".301",".353","6.40","3","0","30","0",".286",".385",".357",".340"
"Lawrence, Casey","596271","2023","122",16.4,8.2,".299",".364","6.59","4","0","0","0",".238",".393",".323",".310"
"Gomber, Austin","596295","2023","603",14.4,7.1,".297",".351","5.50","8","0","27","0",".292",".368",".362",".347"
"Ramirez, Nick","598286","2023","172",16.3,5.2,".256",".298","2.66","3","0","7","0",".261",".286",".305",".304"
"Leclerc, José","600917","2023","233",28.8,12,".183",".288","2.68","2","0","8","0",".186",".261",".276",".290"
"Machado, Andrés","600921","2023","207",20.8,6.3,".282",".328","5.22","11","0","12","0",".287",".356",".356",".333"
"Pivetta, Nick","601713","2023","587",31.2,8.5,".208",".283","4.04","12","1","14","0",".223",".296",".308",".297"
"Barlow, Scott","605130","2023","299",26.4,11.4,".242",".337","4.37","11","0","15","0",".236",".299",".300",".334"
"Bassitt, Chris","605135","2023","826",22.5,7.1,".235",".299","3.60","14","1","55","1",".242",".304",".310",".306"
"Brebbia, John","605154","2023","161",29.2,8.7,".215",".280","3.99","5","0","3","0",".212",".287",".280",".278"
"Chafin, Andrew","605177","2023","224",28.1,12.5,".231",".330","4.73","2","0","10","0",".231",".324",".321",".331"
"Clevinger, Mike","605182","2023","549",20,7.3,".244",".310","3.77","27","3","55","1",".239",".312",".312",".307"
"Davies, Zach","605200","2023","377",19.1,10.3,".295",".370","7.00","8","0","21","0",".284",".360",".355",".361"
"Edwards Jr., Carl","605218","2023","142",16.9,12,".250",".345","3.69","2","0","5","0",".264",".309",".316",".357"
"Fulmer, Michael","605242","2023","237",27.4,11.8,".235",".329","4.42","1","0","7","0",".239",".320",".319",".338"
"Holmes, Clay","605280","2023","262",27.1,8.8,".218",".294","2.86","2","0","2","0",".209",".265",".261",".287"
"Houser, Adrian","605288","2023","481",20,7.1,".273",".324","4.12","4","0","24","0",".262",".318",".316",".315"
"López, Jorge","605347","2023","266",18.4,8.3,".290",".366","5.95","7","0","15","0",".284",".370",".353",".363"
"Musgrove, Joe","605397","2023","399",24.3,5.3,".247",".301","3.05","5","1","26","0",".225",".295",".274",".282"
"Nola, Aaron","605400","2023","793",25.5,5.7,".240",".283","4.46","21","2","54","0",".240",".303",".298",".284"
"Romano, Jordan","605447","2023","248",29,9.7,".218",".301","2.90","9","0","2","0",".214",".281",".280",".297"
"Snell, Blake","605483","2023","742",31.5,13.3,".181",".293","2.25","25","0","41","0",".208",".266",".301",".318"
"Suárez, Andrew","605498","2023","130",13.1,11.5,".287",".369","7.16","0","0","0","0",".275",".392",".365",".359"
"Turnbull, Spencer","605513","2023","145",16.6,10.3,".291",".379","7.26","3","1","16","0",".289",".376",".372",".377"
"Woodruff, Brandon","605540","2023","253",29.2,5.9,".172",".229","2.28","4","0","4","0",".207",".241",".261",".264"
"Gallegos, Giovanny","606149","2023","229",25.8,5.2,".252",".291","4.42","4","0","5","0",".251",".322",".314",".290"
"Montero, Rafael","606160","2023","298",26.5,9.7,".279",".356","5.08","11","0","12","0",".246",".359",".329",".327"
"Payamps, Joel","606303","2023","287",26.8,5.9,".219",".278","2.55","6","0","10","0",".227",".272",".279",".287"
"Devenski, Chris","606965","2023","173",24.3,6.4,".229",".279","4.46","10","0","9","0",".254",".283",".328",".306"
"Rea, Colin","607067","2023","517",21.3,7.4,".235",".296","4.55","17","0","35","0",".253",".313",".323",".314"
"Rodón, Carlos","607074","2023","286",22.4,9.8,".261",".340","6.85","5","1","8","0",".253",".357",".351",".338"
"Weems, Jordan","607179","2023","232",25.9,12.1,".194",".300","3.62","3","0","15","0",".226",".294",".319",".328"
"Glasnow, Tyler","607192","2023","485",33.4,7.6,".209",".270","3.53","19","0","7","0",".218",".270",".292",".280"
"Garrett, Amir","607237","2023","112",25,17.9,".244",".378","3.33","2","0","2","0",".217",".354",".339",".364"
"Martinez, Nick","607259","2023","461",23,8.7,".240",".311","3.43","12","1","17","0",".245",".294",".308",".316"
"Bummer, Aaron","607481","2023","267",29.2,13.5,".236",".352","6.79","17","0","12","0",".218",".313",".293",".338"
"Freeland, Kyle","607536","2023","677",13.9,6.2,".300",".342","5.03","13","1","36","0",".294",".360",".361",".338"
"Lugo, Seth","607625","2023","604",23.2,6,".249",".296","3.57","6","0","30","0",".260",".306",".323",".308"
"Vasquez, Andrew","607755","2023","219",19.6,10.5,".247",".350","3.35","0","0","2","0",".222",".316",".303",".329"
"Estévez, Carlos","608032","2023","281",27.8,11,".254",".350","3.90","2","0","8","0",".234",".320",".311",".333"
"Fried, Max","608331","2023","311",25.7,5.8,".242",".290","2.55","4","2","18","1",".217",".279",".258",".267"
"Giolito, Lucas","608337","2023","794",25.7,9.2,".240",".317","4.88","13","1","23","0",".240",".339",".329",".318"
"Irvin, Cole","608344","2023","336",20.2,6.3,".256",".315","4.42","0","0","6","0",".282",".318",".358",".341"
"Sims, Lucas","608371","2023","258",27.9,15.1,".163",".320","3.10","5","1","34","1",".177",".287",".302",".331"
"Wacha, Michael","608379","2023","553",22.4,7.8,".224",".288","3.22","4","0","27","0",".250",".291",".318",".312"
"Chargois, JT","608638","2023","174",20.1,10.3,".232",".308","3.61","5","0","8","1",".230",".297",".295",".310"
"Graveman, Kendall","608665","2023","282",23.4,12.8,".214",".329","3.12","5","0","25","1",".234",".312",".328",".348"
"Leone, Dominic","608678","2023","235",23,11.9,".244",".336","4.67","9","0","17","0",".249",".352",".350",".346"
"Stratton, Chris","608717","2023","338",24,7.4,".227",".285","3.92","7","1","23","1",".225",".283",".293",".287"
"Suter, Brent","608718","2023","292",18.8,8.6,".249",".320","3.38","3","3","35","0",".230",".294",".279",".303"
"Voth, Austin","608723","2023","160",21.3,9.4,".279",".358","5.19","1","0","9","0",".242",".352",".313",".326"
"Castro, Miguel","612434","2023","268",22.4,9.3,".213",".296","4.31","8","0","2","0",".233",".286",".302",".314"
"Ruiz, José","614179","2023","207",18.8,10.1,".292",".382","5.89","4","0","7","0",".268",".385",".355",".362"
"Quantrill, Cal","615698","2023","444",13.1,7.9,".279",".345","5.24","10","0","13","1",".291",".339",".365",".359"
"Cuas, Jose","621016","2023","292",24.3,12,".253",".360","3.99","4","0","13","0",".256",".339",".354",".363"
"Wilson, Steven","621051","2023","219",26,12.3,".185",".297","3.91","2","0","9","0",".184",".289",".285",".296"
"Rucker, Michael","621074","2023","176",22.7,10.8,".257",".347","4.91","0","0","7","0",".242",".339",".325",".337"
"Kaprielian, James","621076","2023","280",20.4,11.1,".274",".367","6.34","10","0","29","0",".245",".356",".337",".344"
"Eflin, Zach","621107","2023","703",26.5,3.4,".235",".264","3.50","7","0","7","0",".222",".276",".270",".252"
"Blackburn, Paul","621112","2023","464",22.4,9.3,".286",".352","4.43","10","1","26","0",".261",".340",".323",".333"
"Alvarado, José","621237","2023","172",37.2,10.5,".196",".281","1.74","3","0","1","0",".202",".262",".258",".286"
"Berríos, José","621244","2023","782",23.5,6.6,".241",".300","3.65","12","2","67","1",".261",".302",".326",".318"
"Underwood Jr., Duane","621249","2023","100",14,11,".273",".350","5.18","1","0","2","0",".313",".347",".386",".389"
"Wittgren, Nick","621295","2023","128",14.1,8.6,".263",".344","4.97","1","0","4","0",".262",".329",".331",".343"
"Minter, A.J.","621345","2023","260",31.5,8.1,".236",".296","3.76","15","1","21","0",".218",".283",".282",".285"
"Poche, Colin","621363","2023","246",24.8,9.8,".194",".275","2.23","7","0","9","0",".190",".258",".253",".274"
"Borucki, Ryan","621366","2023","152",21.7,2.6,".183",".227","2.45","4","0","8","0",".236",".238",".284",".277"
"Strahm, Matt","621381","2023","351",30.8,6,".212",".263","3.29","6","0","7","0",".212",".274",".276",".267"
"Banks, Tanner","621383","2023","255",20,6.3,".254",".310","4.43","8","0","17","0",".252",".331",".322",".309"
"Blach, Ty","621389","2023","352",14.2,6.8,".330",".381","5.54","2","0","11","0",".332",".389",".399",".387"
"Young, Alex","622065","2023","236",21.2,8.5,".248",".315","3.86","4","1","13","0",".248",".324",".311",".316"
"Wood, Alex","622072","2023","429",17.2,9.8,".263",".347","4.33","4","0","3","0",".257",".335",".330",".342"
"Almonte, Yency","622075","2023","207",23.7,11.1,".239",".338","5.06","3","0","8","0",".248",".314",".320",".347"
"Smith, Drew","622098","2023","244",24.6,11.9,".240",".344","4.15","5","1","21","0",".224",".341",".322",".332"
"Sborz, Josh","622250","2023","215",30.7,7.9,".219",".285","5.50","4","0","5","0",".216",".291",".284",".282"
"Castillo, Luis","622491","2023","802",27.3,7,".218",".276","3.34","6","1","22","0",".230",".289",".302",".288"
"Domínguez, Seranthony","622554","2023","224",21.4,9.8,".246",".339","3.78","4","0","11","1",".246",".318",".331",".341"
"Severino, Luis","622663","2023","417",18.9,8.2,".301",".366","6.65","9","3","33","2",".286",".390",".366",".354"
"Cordero, Jimmy","622772","2023","132",25.8,7.6,".208",".280","3.86","6","0","12","0",".238",".267",".291",".307"
"Perdomo, Angel","622780","2023","117",37.6,9.4,".208",".304","3.72","4","0","6","0",".183",".287",".258",".282"
"Sewald, Paul","623149","2023","249",32.1,9.6,".208",".287","3.12","7","0","2","0",".189",".281",".258",".270"
"Flexen, Chris","623167","2023","466",15.9,8.2,".317",".376","6.86","6","0","44","0",".297",".392",".374",".360"
"Brazoban, Huascar","623211","2023","257",25.3,12.1,".243",".344","4.14","11","0","19","2",".213",".308",".293",".322"
"Hader, Josh","623352","2023","231",36.8,13,".163",".284","1.28","1","0","1","0",".157",".239",".238",".278"
"Anderson, Nick","623433","2023","141",25.5,6.4,".229",".277","3.06","0","0","4","0",".237",".279",".295",".285"
"Topa, Justin","623437","2023","279",21.9,6.5,".240",".295","2.61","6","1","12","1",".231",".269",".268",".291"
"Phillips, Evan","623465","2023","234",28.2,5.6,".177",".233","2.05","3","0","9","0",".226",".232",".274",".279"
"Herget, Jimmy","623474","2023","127",20.5,6.3,".282",".339","4.66","0","0","2","0",".251",".367",".322",".310"
"Suárez, Ranger","624133","2023","540",22,8.9,".267",".333","4.18","7","0","28","0",".262",".325",".321",".330"
"Thompson, Keegan","624522","2023","125",20.8,15.2,".194",".320","4.71","1","0","4","0",".213",".282",".319",".340"
"González, Victor","624647","2023","135",22.2,7.4,".223",".296","4.01","2","0","3","0",".225",".276",".278",".298"
"López, Reynaldo","625643","2023","278",29.9,12.2,".207",".307","3.27","7","0","8","0",".216",".286",".309",".316"
"Maeda, Kenta","628317","2023","428",27.3,6.5,".239",".292","4.23","13","0","21","0",".231",".309",".299",".286"
"Iglesias, Raisel","628452","2023","231",29.4,6.5,".238",".286","2.75","0","0","2","0",".225",".285",".276",".273"
"Marte, Yunior","628708","2023","182",20.9,9.3,".288",".357","5.03","3","0","4","0",".259",".354",".328",".333"
"Urías, Julio","628711","2023","482",24.3,5,".252",".296","4.60","11","3","28","0",".247",".328",".314",".292"
"Chirinos, Yonny","630023","2023","367",14.4,7.4,".275",".336","5.40","3","0","6","0",".302",".350",".375",".363"
"Finnegan, Kyle","640448","2023","288",21.9,8.3,".254",".318","3.76","15","1","15","0",".265",".320",".333",".329"
"Harvey, Hunter","640451","2023","235",28.5,5.5,".203",".251","2.82","6","0","8","0",".224",".252",".283",".273"
"Manaea, Sean","640455","2023","499",25.7,8.4,".234",".309","4.44","8","0","15","0",".244",".306",".316",".318"
"Puk, A.J.","640462","2023","242",32.2,5.4,".241",".286","3.97","8","1","7","0",".210",".300",".272",".259"
"Alzolay, Adbert","640470","2023","253",26.5,5.1,".225",".278","2.67","6","1","10","0",".244",".269",".294",".297"
"López, Pablo","641154","2023","801",29.2,6,".238",".292","3.66","8","2","33","0",".216",".294",".269",".272"
"Alexander, Tyler","641302","2023","181",24.3,2.8,".256",".283","4.50","1","0","2","0",".236",".313",".294",".264"
"Baker, Bryan","641329","2023","186",27.4,12.9,".210",".314","3.60","2","1","9","0",".199",".287",".282",".307"
"Bickford, Phil","641360","2023","304",25,12.8,".230",".339","4.95","18","0","5","0",".241",".319",".335",".349"
"Brogdon, Connor","641401","2023","127",20.5,10.2,".264",".339","4.03","5","0","15","0",".250",".345",".332",".330"
"Cortes Jr., Nestor","641482","2023","266",25.2,7.5,".244",".308","4.97","2","2","13","0",".216",".323",".296",".285"
"Dunning, Dane","641540","2023","722",19.4,7.6,".250",".316","3.70","7","0","24","0",".261",".310",".325",".327"
"France, J.P.","641585","2023","581",17.4,8.1,".263",".322","3.83","9","1","17","1",".267",".319",".337",".328"
"Gott, Trevor","641627","2023","261",23.8,7.3,".267",".331","4.19","12","1","12","1",".241",".309",".288",".308"
"Hamilton, Ian","641656","2023","239",28.9,10.9,".215",".310","2.64","2","2","22","0",".220",".275",".290",".317"
"Hatch, Thomas","641672","2023","129",20.2,9.3,".292",".362","4.08","3","0","8","0",".262",".341",".317",".336"
"Honeywell Jr., Brent","641703","2023","235",19.1,10.2,".260",".350","4.82","6","2","20","1",".278",".347",".363",".368"
"Hudson, Dakota","641712","2023","354",12.7,9.6,".283",".363","4.98","2","0","5","0",".292",".350",".369",".371"
"Jiménez, Joe","641729","2023","238",30.7,5.9,".233",".284","3.04","8","0","11","0",".227",".302",".300",".282"
"Keller, Brad","641745","2023","211",14.7,21.3,".259",".427","4.57","2","0","8","0",".233",".364",".361",".407"
"Kuhl, Chad","641771","2023","187",16.6,15,".313",".419","8.45","9","2","14","0",".311",".412",".430",".422"
"Lauer, Eric","641778","2023","211",20.4,11.4,".292",".370","6.56","2","2","19","1",".307",".411",".405",".384"
"Littell, Zack","641793","2023","379",19.5,3.2,".261",".291","4.10","1","0","8","0",".272",".308",".317",".302"
"Mahle, Tyler","641816","2023","102",27.5,4.9,".227",".265","3.16","2","0","11","0",".220",".294",".279",".259"
"Mayza, Tim","641835","2023","215",24.7,7,".251",".302","1.52","3","0","5","0",".252",".279",".285",".304"
"Middleton, Keynan","641871","2023","212",30.2,10.8,".214",".303","3.38","4","0","6","1",".215",".296",".298",".305"
"Ober, Bailey","641927","2023","577",25.3,5,".232",".279","3.43","3","0","39","1",".226",".294",".295",".274"
"Pagán, Emilio","641941","2023","273",23.8,7.7,".181",".246","2.99","2","0","18","0",".221",".241",".296",".285"
"Saucedo, Tayler","642048","2023","207",20.8,11.1,".234",".343","3.59","4","0","14","0",".246",".298",".314",".354"
"Speier, Gabe","642100","2023","216",29.6,5.1,".235",".282","3.79","5","0","10","0",".244",".278",".290",".292"
"Williams, Devin","642207","2023","231",37.7,12.1,".129",".238","1.53","10","0","4","0",".171",".214",".254",".275"
"Winans, Allan","642216","2023","141",24.1,5.7,".287",".333","5.29","1","0","10","0",".264",".344",".317",".317"
"Yarbrough, Ryan","642232","2023","376",17.8,3.5,".271",".311","4.52","8","2","18","0",".268",".317",".322",".308"
"Soto, Gregory","642397","2023","250",26,8.8,".210",".284","4.62","2","0","2","1",".199",".274",".260",".275"
"Barria, Jaime","642545","2023","362",17.1,8.3,".277",".340","5.68","0","2","7","0",".281",".357",".353",".343"
"Hernández, Jonathan","642546","2023","147",23.1,10.2,".280",".370","5.40","2","0","2","0",".243",".348",".340",".347"
"Peralta, Freddy","642547","2023","680",30.9,7.9,".212",".282","3.86","7","0","26","0",".214",".291",".284",".284"
"Bautista, Félix","642585","2023","237",46.4,11,".144",".245","1.48","10","0","3","0",".142",".218",".224",".244"
"Herget, Kevin","643361","2023","105",12.4,5.7,".268",".324","5.18","0","0","3","0",".274",".346",".358",".329"
"Jax, Griffin","643377","2023","274",24.8,6.9,".232",".297","3.86","9","1","20","0",".213",".283",".263",".280"
"Leiter Jr., Mark","643410","2023","269",28.6,8.9,".206",".299","3.50","9","0","17","0",".227",".293",".311",".320"
"Pruitt, Austin","643493","2023","197",15.2,6.6,".243",".294","2.98","2","0","7","0",".252",".288",".309",".303"
"Rogers, Tyler","643511","2023","309",19.4,6.1,".236",".289","3.04","5","1","5","0",".220",".284",".257",".275"
"Alcantara, Sandy","645261","2023","762",19.8,6.3,".251",".302","4.14","17","2","45","1",".265",".301",".320",".317"
"Soroka, Michael","647336","2023","145",20,8.3,".281",".361","6.40","0","0","8","0",".271",".389",".361",".352"
"Abreu, Bryan","650556","2023","287",34.8,10.8,".177",".274","1.75","4","0","12","0",".194",".255",".279",".289"
"King, Michael","650633","2023","431",29.5,7.4,".226",".292","2.75","3","2","22","0",".227",".281",".289",".293"
"Civale, Aaron","650644","2023","504",23,6.5,".235",".293","3.46","6","0","14","0",".243",".288",".297",".300"
"Cabrera, Génesis","650893","2023","239",24.3,10,".232",".315","4.04","5","0","4","0",".232",".311",".315",".315"
"Sánchez, Cristopher","650911","2023","396",24.2,4,".235",".271","3.44","7","2","13","0",".247",".296",".299",".283"
"Duarte, Daniel","650960","2023","136",16.9,14.7,".211",".331","3.69","2","1","13","0",".193",".310",".292",".320"
"Abreu, Albert","656061","2023","268",22.8,13.1,".231",".348","4.73","7","1","26","1",".225",".332",".329",".345"
"Beeks, Jalen","656222","2023","192",24.5,10.9,".251",".335","5.95","0","0","0","0",".215",".317",".294",".308"
"Bielak, Brandon","656232","2023","353",17.6,10.2,".277",".361","3.83","5","1","16","0",".270",".357",".354",".355"
"Bird, Jake","656234","2023","381",20.2,7.1,".276",".336","4.33","5","0","17","0",".262",".320",".325",".329"
"Brigham, Jeff","656257","2023","160",26.3,11.3,".191",".306","5.26","3","0","8","1",".216",".317",".330",".328"
"Burke, Brock","656271","2023","250",20.8,3.6,".271",".301","4.37","1","0","4","0",".271",".322",".317",".301"
"Canning, Griffin","656288","2023","536",25.9,6.7,".245",".303","4.32","2","2","41","1",".236",".315",".309",".296"
"Cease, Dylan","656302","2023","784",27.3,10.1,".250",".332","4.58","13","2","46","1",".241",".321",".313",".327"
"Davidson, Tucker","656353","2023","236",19.5,8.1,".306",".371","5.96","10","0","12","0",".290",".364",".346",".356"
"Doyle, Tommy","656382","2023","103",17.5,12.6,".256",".350","6.85","1","0","9","0",".281",".364",".366",".371"
"Faedo, Alex","656412","2023","262",22.1,7.6,".200",".263","4.45","2","0","14","0",".226",".287",".302",".287"
"Flaherty, Jack","656427","2023","650",22.8,10.2,".287",".370","4.99","4","0","31","0",".270",".356",".343",".358"
"Ginkel, Kevin","656464","2023","255",27.5,9.4,".181",".263","2.48","2","0","4","0",".201",".246",".274",".282"
"Hentges, Sam","656529","2023","223",25.1,8.1,".260",".318","3.61","6","0","10","0",".266",".292",".313",".325"
"Hoffman, Jeff","656546","2023","208",33.2,9.1,".158",".244","2.41","9","0","6","0",".188",".226",".247",".271"
"Houck, Tanner","656557","2023","463",21.4,8.9,".254",".328","5.01","4","0","8","0",".245",".323",".316",".321"
"Jackson, Andre","656578","2023","257",22.2,8.6,".225",".296","4.99","4","1","26","0",".270",".310",".352",".338"
"Keller, Mitch","656605","2023","825",25.5,6.7,".249",".308","4.21","12","1","27","1",".251",".310",".315",".313"
"Kopech, Michael","656629","2023","591",22.7,15.4,".238",".368","5.43","32","0","40","0",".240",".363",".363",".371"
"Lange, Alex","656638","2023","288",27.4,15.6,".185",".328","3.68","7","0","2","0",".206",".294",".305",".347"
"Megill, Trevor","656730","2023","148",35.1,8.1,".265",".324","3.63","12","0","7","0",".215",".309",".279",".283"
"Megill, Tylor","656731","2023","567",18.5,10.2,".282",".362","4.70","11","2","38","1",".283",".350",".365",".364"
"Montgomery, Jordan","656756","2023","777",21.4,6.2,".247",".295","3.20","14","1","17","0",".253",".298",".308",".303"
"Peterson, David","656849","2023","492",26,10.2,".287",".367","5.03","4","6","52","1",".263",".357",".340",".346"
"Rasmussen, Drew","656876","2023","177",26.6,6.2,".221",".273","2.62","3","0","4","0",".226",".253",".265",".278"
"Scott, Tanner","656945","2023","307",33.9,7.8,".191",".264","2.31","5","0","2","0",".205",".236",".246",".277"
"Smeltzer, Devin","656970","2023","100",16,4,".315",".370","6.45","0","0","2","0",".310",".413",".409",".365"
"Steele, Justin","657006","2023","716",24.6,5,".251",".295","3.06","8","1","11","0",".250",".291",".290",".295"
"Swanson, Erik","657024","2023","262",28.6,8,".217",".280","2.97","8","1","8","0",".199",".280",".271",".263"
"Thompson, Ryan","657044","2023","121",17.4,6.6,".185",".267","3.82","4","0","1","0",".198",".264",".278",".278"
"Toussaint, Touki","657053","2023","384",22.1,14.8,".223",".349","4.97","9","1","27","0",".252",".317",".352",".377"
"Webb, Jacob","657097","2023","232",24.6,12.9,".199",".316","3.69","3","0","11","0",".214",".294",".302",".330"
"Wright, Kyle","657140","2023","155",21.9,11,".303",".396","6.97","2","0","4","0",".258",".382",".352",".358"
"Merryweather, Julian","657240","2023","303",32.3,11.9,".219",".314","3.38","6","0","19","0",".211",".291",".298",".311"
"Strzelecki, Peter","657265","2023","163",22.7,7.4,".234",".327","4.38","9","0","5","0",".239",".303",".320",".332"
"Webb, Logan","657277","2023","850",22.8,3.6,".248",".280","3.25","20","0","30","0",".255",".283",".295",".287"
"Schmidt, Clarke","657376","2023","694",21.5,6.6,".268",".326","4.64","8","0","38","0",".256",".334",".320",".316"
"Baumann, Mike","657508","2023","273",22.3,12.1,".221",".320","3.76","10","1","14","0",".259",".303",".352",".355"
"Bernardino, Brennan","657514","2023","216",26.9,8.3,".250",".333","3.20","2","1","16","1",".243",".313",".311",".328"
"Ferguson, Caleb","657571","2023","270",25.9,8.5,".269",".352","3.43","4","0","4","0",".249",".321",".303",".334"
"Hill, Tim","657612","2023","202",12.9,6.9,".331",".395","5.48","0","0","2","0",".277",".390",".342",".350"
"Ryan, Joe","657746","2023","672",29.3,5.1,".248",".290","4.51","7","0","29","0",".224",".316",".291",".271"
"Seabold, Connor","657756","2023","408",16.4,6.9,".317",".372","7.52","1","0","13","0",".273",".393",".345",".334"
"Avila, Pedro","658648","2023","220",24.5,11.4,".230",".335","3.22","3","0","4","0",".237",".304",".310",".341"
"Lamet, Dinelson","659275","2023","145",22.1,15.9,".353",".455","11.71","5","0","10","1",".261",".460",".374",".384"
"Fujinami, Shintaro","660261","2023","357",23.2,12.6,".242",".350","7.18","7","0","6","0",".240",".332",".335",".350"
"Ohtani, Shohei","660271","2023","531",31.5,10.4,".184",".285","3.14","5","0","4","0",".206",".277",".302",".305"
"Suarez, José","660761","2023","165",17,12.1,".324",".409","8.29","0","1","17","0",".273",".421",".369",".365"
"De Los Santos, Yerry","660787","2023","104",17.3,12.5,".193",".298","3.33","2","0","4","0",".230",".257",".300",".333"
"Graterol, Brusdar","660813","2023","257",18.7,4.7,".221",".262","1.20","5","0","8","0",".245",".245",".271",".285"
"De Los Santos, Enyel","660853","2023","262",23.7,9.5,".216",".302","3.29","5","4","24","0",".241",".282",".315",".325"
"Martinez, Adrián","661309","2023","241",19.5,7.9,".278",".344","4.75","9","0","21","0",".280",".341",".352",".352"
"Duran, Jhoan","661395","2023","255",32.9,9.8,".207",".298","2.45","8","1","10","0",".185",".271",".251",".279"
"Clase, Emmanuel","661403","2023","302",21.2,5.3,".242",".282","3.22","10","0","2","0",".234",".265",".272",".277"
"Llovera, Mauricio","661440","2023","160",18.1,9.4,".259",".344","4.89","8","0","6","0",".269",".312",".339",".356"
"Martinez, Seth","661527","2023","195",23.1,9.7,".265",".359","5.23","4","0","12","0",".269",".345",".354",".362"
"Muñoz, Andrés","662253","2023","211",31.8,10.4,".217",".318","2.94","8","0","4","0",".205",".279",".268",".306"
"Suarez, Robert","663158","2023","108",22.2,9.3,".155",".231","4.23","2","0","5","0",".217",".222",".279",".291"
"Waldron, Matt","663362","2023","173",17.9,6.9,".244",".295","4.35","8","1","17","0",".258",".328",".325",".308"
"Feltner, Ryan","663372","2023","201",18.9,13.9,".265",".373","5.82","4","0","12","0",".252",".331",".330",".365"
"Thornton, Trent","663423","2023","125",20.8,4.8,".252",".288","2.01","3","1","6","0",".227",".310",".273",".264"
"Campbell, Isaiah","663462","2023","120",27.5,10.8,".210",".300","2.83","4","0","3","0",".227",".273",".304",".316"
"Hjelle, Sean","663546","2023","139",22.3,9.4,".317",".399","6.52","3","1","3","0",".263",".372",".328",".353"
"McClanahan, Shane","663556","2023","469",25.8,8.7,".222",".290","3.29","7","0","7","0",".242",".295",".313",".308"
"Moran, Jovani","663558","2023","184",26.1,14.7,".226",".341","5.31","2","0","8","0",".212",".307",".297",".329"
"Falter, Bailey","663559","2023","347",17.3,5.8,".288",".329","5.36","9","2","20","0",".280",".354",".339",".322"
"Davis, Noah","663562","2023","146",17.8,10.3,".341",".425","8.70","3","1","12","0",".255",".412",".335",".352"
"Lambert, Peter","663567","2023","375",18.9,7.5,".273",".336","5.36","4","3","30","3",".267",".367",".354",".330"
"Irvin, Jake","663623","2023","530",18.7,10.2,".255",".340","4.61","5","0","28","1",".259",".335",".345",".345"
"Ward, Thaddeus","663658","2023","160",18.8,17.5,".225",".369","6.37","2","1","7","0",".234",".347",".356",".377"
"Harris, Hogan","663687","2023","284",19.7,9.9,".269",".348","7.14","4","0","7","1",".257",".352",".345",".338"
"Lynch IV, Daniel","663738","2023","223",15.2,7.2,".245",".300","4.64","9","1","22","0",".269",".312",".340",".324"
"Woodford, Jake","663765","2023","222",13.1,9.9,".314",".387","6.23","2","0","13","0",".306",".404",".394",".385"
"Hoeing, Bryan","663773","2023","304",17.4,8.2,".259",".322","5.48","6","0","8","0",".271",".347",".350",".334"
"Sandoval, Patrick","663776","2023","652",19.6,11.3,".256",".344","4.11","7","2","38","1",".261",".318",".333",".351"
"Kowar, Jackson","663804","2023","137",21.2,14.6,".293",".401","6.43","5","0","5","0",".248",".377",".329",".363"
"Hicks, Jordan","663855","2023","285",28.4,11.2,".231",".326","3.29","2","0","12","0",".210",".296",".283",".311"
"Pearson, Nate","663878","2023","182",23.6,9.9,".226",".313","4.85","8","1","2","0",".222",".310",".305",".310"
"Singer, Brady","663903","2023","702",18.9,7,".287",".341","5.52","11","0","24","0",".276",".346",".340",".334"
"Beck, Tristan","663941","2023","354",19.2,5.9,".252",".300","3.92","2","0","14","0",".245",".298",".298",".294"
"Holton, Tyler","663947","2023","324",22.8,5.6,".185",".232","2.11","1","0","6","0",".239",".234",".290",".283"
"Stephan, Trevor","663986","2023","294",25.5,8.8,".245",".323","4.06","13","0","4","0",".242",".311",".327",".325"
"Gonsolin, Tony","664062","2023","435",18.9,9.2,".226",".307","4.98","8","0","16","0",".275",".312",".366",".351"
"Fairbanks, Pete","664126","2023","184",37,10.9,".164",".273","2.58","7","0","3","0",".175",".240",".252",".283"
"Gibaut, Ian","664139","2023","318",21.7,8.8,".245",".320","3.33","10","0","36","2",".237",".298",".299",".315"
"Lucchesi, Joey","664192","2023","195",16.4,8.7,".251",".325","2.89","3","0","20","0",".275",".316",".354",".346"
"Clarke, Taylor","664199","2023","266",24.4,9,".303",".371","5.95","0","4","41","1",".251",".376",".344",".330"
"Maton III, Phil","664208","2023","274",27,9.1,".207",".304","3.00","3","0","15","0",".192",".284",".275",".291"
"Valdez, Framber","664285","2023","808",24.8,7.1,".228",".290","3.45","19","1","32","0",".253",".287",".320",".317"
"Moreta, Dauri","664294","2023","239",31.8,10,".187",".276","3.72","6","0","7","0",".188",".267",".270",".278"
"Javier, Cristian","664299","2023","687",23.1,9,".234",".309","4.56","22","3","49","0",".230",".317",".324",".307"
"Urquidy, José","664353","2023","275",16.4,9.1,".263",".335","5.29","13","0","18","0",".259",".340",".332",".332"
"Díaz, Alexis","664747","2023","286",30.1,12.6,".186",".317","3.07","12","0","5","0",".192",".279",".286",".323"
"Helsley, Ryan","664854","2023","146",35.6,11.6,".176",".274","2.45","2","1","2","0",".157",".243",".233",".262"
"Lawrence, Justin","664875","2023","326",23.9,11,".235",".334","3.72","8","0","7","0",".222",".303",".299",".328"
"Kremer, Dean","665152","2023","735",21.4,7.5,".254",".314","4.12","9","1","47","0",".269",".317",".339",".328"
"Medina, Luis","665622","2023","495",21.4,11.5,".255",".352","5.42","7","1","15","1",".252",".343",".335",".352"
"Peguero, Elvis","665625","2023","252",21.4,10.3,".222",".313","3.38","12","0","7","0",".238",".280",".301",".328"
"Cabrera, Edward","665795","2023","434",27.2,15.2,".215",".341","4.24","16","1","34","0",".199",".315",".300",".329"
"Assad, Javier","665871","2023","449",20.9,9.1,".231",".306","3.05","8","2","13","0",".259",".303",".330",".333"
"Garrett, Braxton","666129","2023","659",23.7,4.4,".250",".294","3.66","14","2","38","1",".275",".307",".328",".318"
"Ragans, Cole","666142","2023","392",28.8,10.5,".202",".288","3.47","3","0","11","0",".212",".266",".283",".299"
"Kauffmann, Karl","666154","2023","158",10.1,10.1,".311",".392","8.23","4","0","12","0",".308",".384",".399",".395"
"Lodolo, Nick","666157","2023","166",28.3,6,".340",".406","6.29","1","1","17","0",".242",".426",".336",".319"
"Manning, Matt","666159","2023","316",15.8,6.6,".212",".274","3.58","0","2","15","2",".269",".281",".355",".328"
"Thompson, Mason","666168","2023","240",18.3,9.2,".294",".368","5.50","6","0","0","0",".258",".345",".330",".341"
"Luzardo, Jesús","666200","2023","741",28.1,7.4,".239",".301","3.58","11","4","43","1",".235",".307",".307",".298"
"Manoah, Alek","666201","2023","415",19,14.2,".269",".388","5.87","15","1","39","1",".266",".370",".372",".386"
"Muller, Kyle","666205","2023","372",15.1,10.5,".346",".416","7.60","10","2","32","2",".315",".417",".402",".392"
"Wentz, Joey","666214","2023","492",19.9,9.6,".295",".362","6.90","12","0","11","0",".276",".380",".363",".345"
"Soriano, George","666277","2023","228",22.8,10.1,".234",".326","3.81","0","0","6","0",".250",".308",".326",".341"
"Balazovic, Jordan","666364","2023","108",15.7,11.1,".274",".352","4.44","0","0","2","0",".272",".358",".353",".353"
"Brash, Matt","666374","2023","308",34.7,9.4,".242",".325","3.06","5","0","10","0",".210",".292",".280",".302"
"Santos, Gregory","666619","2023","289",22.8,5.9,".258",".315","3.39","10","0","8","0",".245",".283",".276",".303"
"Brito, Jhony","666745","2023","372",19.4,7.5,".244",".306","4.28","7","1","37","1",".250",".318",".327",".315"
"Doval, Camilo","666808","2023","281",31,9.3,".209",".304","2.93","12","0","8","0",".203",".262",".265",".299"
"Frías, Luis","666818","2023","139",18.7,12.2,".250",".353","4.06","3","1","9","0",".257",".339",".346",".359"
"Cano, Yennier","666974","2023","283",23,4.6,".226",".270","2.11","7","0","4","0",".248",".261",".281",".291"
"King, John","667463","2023","157",12.7,6.4,".310",".353","3.62","2","0","4","0",".286",".327",".324",".331"
"Soriano, José","667755","2023","185",30.3,12.4,".214",".342","3.64","1","0","6","1",".210",".303",".310",".341"
"Nogosek, Stephen","668665","2023","118",21.2,11.9,".280",".373","5.61","2","0","6","0",".253",".382",".360",".352"
"Erceg, Lucas","668674","2023","251",27.1,14.3,".245",".371","4.75","0","0","21","3",".208",".328",".297",".340"
"Plesac, Zach","668676","2023","105",13.3,4.8,".374",".404","7.59","1","1","8","0",".304",".418",".355",".337"
"Gallen, Zac","668678","2023","846",26,5.6,".238",".284","3.47","5","0","99","0",".254",".289",".314",".300"
"Thompson, Zack","668868","2023","287",25.1,8.7,".270",".336","4.48","2","1","10","0",".257",".329",".329",".330"
"Greene, Hunter","668881","2023","498",30.5,9.6,".253",".337","4.82","16","0","47","0",".216",".349",".302",".304"
"Williams, Gavin","668909","2023","345",23.5,10.7,".219",".310","3.29","6","1","11","0",".244",".299",".316",".334"
"Ashcraft, Graham","668933","2023","624",17.8,8.3,".265",".338","4.76","10","0","40","0",".272",".339",".340",".345"
"Romero, JoJo","668941","2023","147",28.6,6.8,".216",".274","3.68","0","0","3","0",".227",".255",".261",".284"
"Hollowell, Gavin","668970","2023","154",20.8,11.7,".238",".357","5.88","4","0","9","0",".249",".360",".354",".367"
"Gore, MacKenzie","669022","2023","582",25.9,9.8,".258",".330","4.42","10","3","47","1",".261",".339",".347",".334"
"Wilson, Bryse","669060","2023","314",19.4,7,".211",".271","2.58","4","0","8","0",".246",".281",".308",".303"
"May, Dustin","669160","2023","187",18.2,8.6,".173",".251","2.63","4","0","4","0",".232",".229",".286",".305"
"Nelson, Ryne","669194","2023","619",15.5,7.4,".284",".334","5.31","2","0","17","0",".269",".357",".349",".325"
"Burnes, Corbin","669203","2023","784",25.5,8.4,".200",".274","3.39","11","1","93","2",".224",".266",".285",".298"
"Akin, Keegan","669211","2023","112",24.1,6.3,".337",".375","6.85","0","1","8","0",".281",".365",".334",".324"
"Morgan, Eli","669212","2023","299",25.1,8,".267",".328","4.01","11","0","22","0",".244",".322",".307",".306"
"Lee, Dylan","669276","2023","101",23.8,7.9,".264",".323","4.18","3","0","3","0",".278",".326",".360",".337"
"Gilbert, Logan","669302","2023","770",24.5,4.7,".233",".270","3.73","14","0","24","0",".243",".290",".297",".280"
"Wells, Tyler","669330","2023","470",24.9,7.2,".193",".257","3.64","2","2","27","0",".217",".286",".307",".280"
"Skubal, Tarik","669373","2023","310",32.9,4.5,".199",".242","2.80","4","0","3","0",".197",".238",".236",".242"
"Mlodzinski, Carmen","669387","2023","152",22.4,11.8,".214",".309","2.25","3","0","7","0",".241",".279",".307",".334"
"Lambert, Jimmy","669424","2023","172",23.8,11.6,".273",".363","5.26","5","0","7","1",".275",".385",".362",".364"
"Englert, Mason","669438","2023","253",16.2,6.7,".291",".343","5.46","7","0","6","0",".310",".368",".383",".362"
"Bieber, Shane","669456","2023","533",20.1,6.4,".253",".303","3.80","11","2","30","0",".284",".307",".336",".332"
"Nelson, Kyle","669459","2023","239",28,5.9,".267",".314","4.18","1","0","2","0",".233",".339",".299",".282"
"Liberatore, Matthew","669461","2023","275",16.7,9.1,".274",".349","5.25","6","1","8","0",".289",".341",".369",".367"
"Pallante, Andre","669467","2023","302",14.2,9.9,".286",".362","4.76","15","0","11","0",".260",".341",".314",".340"
"Long, Sam","669674","2023","199",16.1,10.6,".282",".359","5.60","0","2","9","0",".278",".341",".339",".356"
"Murphy, Chris","669684","2023","212",23.1,8,".263",".324","4.91","3","0","5","0",".235",".321",".295",".301"
"Wesneski, Hayden","669713","2023","379",21.9,8.4,".242",".311","4.63","2","0","15","0",".265",".330",".348",".334"
"Hernandez, Jose","669796","2023","223",27.8,9.9,".239",".317","4.97","7","0","10","0",".236",".329",".313",".315"
"Blanco, Ronel","669854","2023","226",23,12.4,".251",".350","4.50","2","0","8","0",".245",".352",".345",".345"
"Kirby, George","669923","2023","757",22.7,2.5,".246",".270","3.35","17","0","20","0",".262",".284",".305",".286"
"Scholtens, Jesse","669947","2023","377",15.4,8,".292",".350","5.29","7","0","26","0",".273",".349",".339",".334"
"Rosenberg, Kenny","670046","2023","146",19.9,9.6,".267",".342","3.82","3","3","18","0",".230",".321",".293",".309"
"Holderman, Colin","670059","2023","240",24.2,8.3,".256",".322","3.86","6","0","3","0",".234",".299",".294",".305"
"Francis, Bowden","670102","2023","136",25.7,5.9,".175",".228","1.73","1","0","4","0",".221",".238",".297",".276"
"Oller, Adam","670124","2023","101",12.9,11.9,".341",".416","10.07","0","0","7","0",".318",".417",".411",".402"
"Schreiber, John","670167","2023","204",26,12.3,".237",".343","3.86","0","0","4","0",".224",".324",".313",".336"
"Winckowski, Josh","670174","2023","367",22.3,8.4,".267",".335","2.88","2","0","6","1",".245",".319",".302",".315"
"Bednar, David","670280","2023","277",28.9,7.6,".215",".281","2.00","1","0","3","0",".196",".259",".262",".269"
"Oviedo, Johan","670912","2023","781",20.2,10.6,".237",".330","4.31","9","0","21","0",".249",".319",".329",".342"
"Richards, Trevor","670950","2023","315",33.3,11.1,".228",".317","4.95","2","0","21","0",".201",".318",".292",".297"
"Ramirez, Yohan","670990","2023","176",19.9,9.7,".265",".381","4.23","7","0","5","0",".238",".335",".317",".358"
"Abbott, Andrew","671096","2023","459",26.1,9.6,".244",".316","3.87","7","2","61","0",".227",".320",".306",".303"
"Allen, Logan","671106","2023","537",22.2,8.9,".263",".330","3.81","0","1","16","0",".257",".326",".323",".325"
"Foley, Jason","671345","2023","276",19.9,5.4,".251",".293","2.61","3","0","8","0",".263",".275",".299",".306"
"Bradley, Taj","671737","2023","460",28,8.5,".255",".317","5.59","0","0","0","0",".244",".344",".324",".311"
"Detmers, Reid","672282","2023","644",26.1,9.3,".248",".332","4.48","15","2","40","0",".253",".321",".327",".340"
"Pérez, Cionel","672335","2023","247",17.8,10.9,".264",".357","3.54","11","0","9","0",".242",".311",".301",".339"
"Ort, Kaleb","672391","2023","107",22.4,8.4,".290",".356","6.26","4","1","1","0",".239",".379",".330",".310"
"Hernández, Carlos","672578","2023","301",25.6,10.6,".233",".316","5.27","3","0","10","0",".252",".319",".332",".333"
"Zerpa, Angel","672582","2023","182",19.8,4.4,".272",".319","4.85","1","2","12","1",".263",".335",".321",".311"
"Contreras, Roansy","672710","2023","302",18.2,10.6,".282",".360","6.59","13","1","11","0",".279",".357",".355",".360"
"Adon, Joan","672851","2023","240",20,10,".284",".364","6.45","9","1","18","0",".278",".361",".358",".359"
"Senga, Kodai","673540","2023","694",29.1,11.1,".208",".301","2.98","11","0","27","0",".225",".282",".304",".316"
"Bradford, Cody","674003","2023","234",21.8,5.1,".259",".296","5.30","2","0","11","0",".244",".333",".323",".288"
"Henry, Tommy","674072","2023","381",16.8,9.2,".251",".328","4.15","10","1","18","0",".248",".324",".319",".325"
"Bido, Osvaldo","674370","2023","236",20.3,8.9,".270",".356","5.86","2","0","8","0",".275",".326",".333",".362"
"Curry, Xzavion","675540","2023","404",16.6,7.4,".267",".323","4.07","10","1","25","0",".274",".326",".339",".330"
"Grove, Michael","675627","2023","302",24.2,6.3,".296",".348","6.13","7","0","20","1",".273",".363",".341",".326"
"Strider, Spencer","675911","2023","763",36.8,7.6,".210",".279","3.86","19","0","24","0",".205",".279",".273",".275"
"Karinchak, James","675916","2023","171",30.4,16.4,".178",".322","3.23","16","0","26","0",".202",".300",".327",".350"
"Bolton, Cody","675989","2023","107",20.6,14,".333",".434","6.33","1","0","2","0",".301",".414",".392",".408"
"Butto, José","676130","2023","179",21.2,12.8,".212",".313","3.64","10","0","19","0",".238",".281",".306",".335"
"Walker, Ryan","676254","2023","263",29.7,9.1,".262",".333","3.23","5","2","7","0",".210",".328",".272",".290"
"Abbott, Cory","676265","2023","184",21.7,10.9,".306",".391","6.64","5","0","9","0",".258",".388",".347",".354"
"Miller, Bobby","676272","2023","505",23.6,6.3,".226",".283","3.76","14","0","18","1",".229",".283",".286",".290"
"Garcia, Robert","676395","2023","127",26,9.4,".234",".306","3.66","4","1","6","0",".244",".279",".295",".316"
"Bibee, Tanner","676440","2023","585",24.1,7.7,".230",".295","2.98","9","3","49","0",".235",".285",".297",".300"
"Whitlock, Garrett","676477","2023","304",23.7,4.3,".288",".323","5.15","7","0","8","0",".273",".350",".328",".309"
"Faucher, Calvin","676534","2023","120",20.8,10,".290",".367","7.01","4","0","2","0",".294",".359",".384",".371"
"Fleming, Josh","676596","2023","221",11.3,8.6,".281",".339","4.70","1","0","4","0",".294",".342",".352",".354"
"Sears, JP","676664","2023","735",21.9,7.2,".249",".319","4.54","15","3","68","0",".245",".335",".330",".316"
"Cosgrove, Tom","676680","2023","205",21.5,9.3,".173",".270","1.75","1","0","5","0",".186",".238",".254",".283"
"Vest, Will","676684","2023","199",28.1,6.5,".216",".268","2.98","1","0","8","0",".227",".259",".274",".278"
"Crawford, Kutter","676710","2023","527",25.6,6.8,".221",".281","4.04","8","0","3","1",".208",".290",".280",".269"
"Marinaccio, Ron","676760","2023","205",27.3,13.2,".208",".340","3.99","12","2","23","0",".203",".315",".321",".339"
"Winn, Keaton","676775","2023","172",20.3,4.7,".231",".288","4.68","3","0","4","0",".243",".304",".319",".303"
"Nardi, Andrew","677053","2023","237",30.8,8.9,".213",".297","2.67","1","0","3","0",".190",".289",".259",".276"
"Garcia, Luis","677651","2023","115",27,8.7,".243",".316","4.00","0","0","8","0",".238",".322",".309",".312"
"Bruihl, Justin","677865","2023","121",18.2,9.1,".267",".347","5.46","4","0","10","0",".268",".325",".332",".353"
"Cecconi, Slade","677944","2023","111",18,3.6,".260",".297","4.33","1","0","7","0",".260",".325",".334",".298"
"Weathers, Ryan","677960","2023","257",16.7,11.3,".305",".383","6.55","2","6","39","0",".249",".393",".332",".336"
"Kerr, Ray","678061","2023","114",30.7,7.9,".243",".310","4.33","0","0","1","0",".257",".341",".331",".322"
"Bello, Brayan","678394","2023","668",19.8,6.7,".270",".324","4.24","9","2","22","0",".253",".334",".314",".310"
"Ferrer, Jose A.","678606","2023","142",17.6,9.2,".289",".359","5.03","6","1","12","0",".254",".338",".298",".327"
"Marsh, Alec","679525","2023","342",24.9,11.4,".266",".369","5.69","11","3","24","0",".257",".381",".367",".362"
"Rodriguez, Grayson","680570","2023","515",25,8.2,".259",".321","4.35","4","1","42","0",".255",".320",".316",".318"
"Gray, Josiah","680686","2023","698",20.5,11.5,".251",".345","3.91","21","1","41","1",".254",".332",".342",".349"
"Bradish, Kyle","680694","2023","671",25,6.6,".215",".275","2.83","3","0","35","0",".239",".268",".300",".298"
"Sandlin, Nick","680704","2023","239",27.6,10,".182",".270","3.75","7","0","16","0",".215",".284",".306",".300"
"Rom, Drew","680723","2023","170",18.8,11.2,".340",".412","8.02","2","0","3","0",".281",".431",".374",".360"
"Cox, Austin","680735","2023","149",22.1,11.4,".220",".315","4.54","3","2","12","0",".260",".291",".339",".358"
"Winder, Josh","680739","2023","147",19,9.5,".267",".333","4.15","4","1","6","0",".251",".331",".335",".324"
"Vásquez, Randy","681190","2023","166",19.9,10.8,".211",".315","2.87","2","0","12","0",".267",".303",".352",".364"
"Silseth, Chase","681217","2023","221",25.3,11.8,".212",".312","3.96","3","0","18","0",".233",".313",".318",".331"
"Varland, Gus","681402","2023","103",19.4,15.5,".318",".431","6.64","2","0","3","0",".292",".408",".383",".410"
"Wantz, Andrew","681806","2023","160",20.6,9.4,".197",".275","3.89","1","0","14","0",".240",".272",".310",".315"
"Olson, Reese","681857","2023","422",24.4,7.8,".215",".277","3.99","4","1","8","0",".254",".283",".333",".315"
"Criswell, Cooper","681867","2023","151",17.9,7.3,".296",".364","5.73","2","0","8","0",".279",".368",".346",".352"
"Selby, Colin","681882","2023","114",26.3,13.2,".296",".389","9.00","1","0","5","0",".270",".362",".356",".367"
"Vesia, Alex","681911","2023","217",29.5,7.8,".263",".327","4.35","6","0","7","0",".231",".318",".296",".299"
"Anderson, Grant","681982","2023","154",19.5,9.1,".277",".344","5.05","5","0","4","0",".235",".334",".311",".310"
"Herrin, Tim","682120","2023","121",26.4,9.9,".279",".361","5.53","3","0","5","1",".243",".338",".330",".331"
"Jacques, Joe","682175","2023","122",16.4,8.2,".308",".397","5.06","1","0","2","0",".243",".366",".311",".346"
"Williamson, Brandon","682227","2023","491",20,7.9,".248",".311","4.46","1","2","45","1",".263",".321",".334",".325"
"Miller, Bryce","682243","2023","537",22.2,4.8,".248",".293","4.32","6","1","21","1",".270",".309",".337",".315"
"Uribe, Abner","682842","2023","127",30.7,15.7,".154",".291","1.76","4","0","4","0",".198",".238",".290",".334"
"Ortiz, Luis","682847","2023","400",14.8,12,".288",".372","4.78","5","0","8","2",".302",".356",".390",".386"
"Priester, Quinn","682990","2023","234",15.4,11.5,".290",".378","7.74","2","0","5","0",".297",".394",".376",".385"
"Gaddis, Hunter","683769","2023","182",13.2,7.7,".255",".324","4.50","3","0","7","0",".233",".331",".305",".306"
"Battenfield, Peyton","685410","2023","146",18.5,8.2,".256",".315","5.19","2","0","4","0",".281",".336",".373",".341"
"Sheehan, Emmet","686218","2023","248",25.8,10.5,".210",".294","4.92","4","0","6","0",".186",".307",".290",".277"
"Willingham, Amos","686294","2023","116",12.9,7.8,".337",".388","6.66","1","0","5","0",".303",".418",".389",".361"
"Waldichuk, Ken","686610","2023","639",20.7,11.1,".271",".360","5.36","7","3","46","1",".242",".361",".331",".337"
"Brown, Hunter","686613","2023","665",26.8,8.3,".262",".332","5.09","16","0","33","1",".240",".340",".318",".314"
"La Sorsa, Joe","686747","2023","145",19.3,6.2,".246",".324","4.41","4","0","10","0",".270",".304",".323",".346"
"Pepiot, Ryan","686752","2023","159",23.9,3.1,".179",".220","2.14","1","1","7","0",".225",".251",".279",".264"
"Jameson, Drey","686753","2023","174",21.3,10.3,".260",".339","3.32","0","0","1","0",".253",".330",".357",".334"
"White, Brendan","686839","2023","177",24.9,8.5,".258",".341","5.09","8","1","4","0",".252",".322",".326",".339"
"Varland, Louie","686973","2023","283",25.1,6,".252",".299","4.63","1","0","11","0",".248",".335",".328",".297"
"Kelly, Kevin","687330","2023","276",20.3,5.4,".211",".283","3.09","7","0","4","0",".233",".264",".282",".303"
"Headrick, Brent","687396","2023","117",25.6,8.5,".267",".350","6.31","0","0","1","0",".242",".383",".353",".332"
"Robertson, Nick","687798","2023","106",24.5,8.5,".316",".371","6.04","2","0","2","0",".265",".375",".328",".331"
"Walter, Brandon","687888","2023","106",15.1,6.6,".327",".377","6.26","1","0","3","0",".271",".375",".325",".326"
"Brieske, Beau","689225","2023","152",20.4,7.9,".259",".316","3.60","1","0","0","0",".252",".315",".305",".311"
"Dodd, Dylan","689266","2023","164",9.1,7.3,".351",".402","7.60","2","0","6","0",".330",".429",".423",".383"
"Harrison, Kyle","690986","2023","147",23.8,7.5,".221",".299","4.15","3","1","8","0",".238",".324",".327",".314"
"Pérez, Eury","691587","2023","374",28.9,8.3,".214",".282","3.15","11","0","10","0",".208",".303",".294",".279"
"Woo, Bryan","693433","2023","371",25.1,8.4,".227",".305","4.21","8","0","10","0",".219",".305",".288",".300"
"Elder, Bryce","693821","2023","732",17.5,8.6,".245",".316","3.81","9","0","31","0",".264",".309",".329",".335"
"Palencia, Daniel","694037","2023","119",27.7,11.8,".216",".322","4.45","1","0","3","0",".224",".303",".310",".330"
"Pfaadt, Brandon","694297","2023","421",22.3,6.2,".282",".329","5.72","8","0","36","0",".253",".362",".325",".303"
"Shuster, Jared","694363","2023","230",13,11.3,".264",".348","5.81","9","0","7","0",".270",".341",".354",".357"
"Stone, Gavin","694813","2023","152",14.5,8.6,".338",".401","9.00","2","0","6","0",".313",".423",".379",".379"
"Miller, Mason","695243","2023","139",27.3,11.5,".203",".309","3.78","1","0","10","0",".185",".280",".277",".299"
"Wicks, Jordan","696136","2023","147",16.3,7.5,".252",".306","4.41","2","0","4","0",".253",".317",".311",".310"
"Smith-Shawver, AJ","700363","2023","105",19,10.5,".183",".276","4.26","5","0","6","0",".206",".301",".301",".296"
"Hartwig, Grant","701643","2023","158",19,9.5,".250",".348","4.84","1","1","21","1",".246",".325",".319",".345"